<?xml version="1.0" encoding="ISO-8859-1"?><pnml>
<net id="Net-One" type="P/T net">
<token id="Default" enabled="true" red="0" green="0" blue="0"/>
<place id="P0">
<graphics>
<position x="165.0" y="105.0"/>
</graphics>
<name>
<value>P0</value>
<graphics>
<offset x="0.0" y="0.0"/>
</graphics>
</name>
<initialMarking>
<value>Default,1</value>
<graphics>
<offset x="0.0" y="0.0"/>
</graphics>
</initialMarking>
<capacity>
<value>0</value>
</capacity>
</place>
<place id="P1">
<graphics>
<position x="165.0" y="195.0"/>
</graphics>
<name>
<value>P1</value>
<graphics>
<offset x="0.0" y="0.0"/>
</graphics>
</name>
<initialMarking>
<value>Default,0</value>
<graphics>
<offset x="0.0" y="0.0"/>
</graphics>
</initialMarking>
<capacity>
<value>0</value>
</capacity>
</place>
<place id="P11">
<graphics>
<position x="495.0" y="105.0"/>
</graphics>
<name>
<value>P11</value>
<graphics>
<offset x="0.0" y="0.0"/>
</graphics>
</name>
<initialMarking>
<value>Default,1</value>
<graphics>
<offset x="0.0" y="0.0"/>
</graphics>
</initialMarking>
<capacity>
<value>0</value>
</capacity>
</place>
<place id="P2">
<graphics>
<position x="270.0" y="105.0"/>
</graphics>
<name>
<value>P2</value>
<graphics>
<offset x="0.0" y="0.0"/>
</graphics>
</name>
<initialMarking>
<value>Default,0</value>
<graphics>
<offset x="0.0" y="0.0"/>
</graphics>
</initialMarking>
<capacity>
<value>0</value>
</capacity>
</place>
<place id="P22">
<graphics>
<position x="480.0" y="195.0"/>
</graphics>
<name>
<value>P22</value>
<graphics>
<offset x="0.0" y="0.0"/>
</graphics>
</name>
<initialMarking>
<value>Default,0</value>
<graphics>
<offset x="0.0" y="0.0"/>
</graphics>
</initialMarking>
<capacity>
<value>0</value>
</capacity>
</place>
<place id="P3">
<graphics>
<position x="270.0" y="180.0"/>
</graphics>
<name>
<value>P3</value>
<graphics>
<offset x="0.0" y="0.0"/>
</graphics>
</name>
<initialMarking>
<value>Default,1</value>
<graphics>
<offset x="0.0" y="0.0"/>
</graphics>
</initialMarking>
<capacity>
<value>0</value>
</capacity>
</place>
<place id="P33">
<graphics>
<position x="480.0" y="285.0"/>
</graphics>
<name>
<value>P33</value>
<graphics>
<offset x="0.0" y="0.0"/>
</graphics>
</name>
<initialMarking>
<value>Default,0</value>
<graphics>
<offset x="0.0" y="0.0"/>
</graphics>
</initialMarking>
<capacity>
<value>0</value>
</capacity>
</place>
<place id="P7">
<graphics>
<position x="615.0" y="90.0"/>
</graphics>
<name>
<value>P7</value>
<graphics>
<offset x="0.0" y="0.0"/>
</graphics>
</name>
<initialMarking>
<value>Default,0</value>
<graphics>
<offset x="0.0" y="0.0"/>
</graphics>
</initialMarking>
<capacity>
<value>0</value>
</capacity>
</place>
<place id="P8">
<graphics>
<position x="600.0" y="195.0"/>
</graphics>
<name>
<value>P8</value>
<graphics>
<offset x="0.0" y="0.0"/>
</graphics>
</name>
<initialMarking>
<value>Default,0</value>
<graphics>
<offset x="0.0" y="0.0"/>
</graphics>
</initialMarking>
<capacity>
<value>0</value>
</capacity>
</place>
<place id="P9">
<graphics>
<position x="600.0" y="285.0"/>
</graphics>
<name>
<value>P9</value>
<graphics>
<offset x="0.0" y="0.0"/>
</graphics>
</name>
<initialMarking>
<value>Default,1</value>
<graphics>
<offset x="0.0" y="0.0"/>
</graphics>
</initialMarking>
<capacity>
<value>0</value>
</capacity>
</place>
<transition id="T0">
<graphics>
<position x="210.0" y="135.0"/>
</graphics>
<name>
<value>T0</value>
<graphics>
<offset x="-5.0" y="35.0"/>
</graphics>
</name>
<orientation>
<value>0</value>
</orientation>
<rate>
<value>1.0</value>
</rate>
<timed>
<value>false</value>
</timed>
<infiniteServer>
<value>false</value>
</infiniteServer>
<priority>
<value>1</value>
</priority>
</transition>
<transition id="T1">
<graphics>
<position x="540.0" y="180.0"/>
</graphics>
<name>
<value>T1</value>
<graphics>
<offset x="-5.0" y="35.0"/>
</graphics>
</name>
<orientation>
<value>0</value>
</orientation>
<rate>
<value>1.0</value>
</rate>
<timed>
<value>false</value>
</timed>
<infiniteServer>
<value>false</value>
</infiniteServer>
<priority>
<value>1</value>
</priority>
</transition>
<arc id="P0 to T0" source="P0" target="T0">
<graphics/>
<inscription>
<value>Default,1</value>
<graphics/>
</inscription>
<tagged>
<value>false</value>
</tagged>
<arcpath id="000" x="188" y="126" curvePoint="false"/>
<arcpath id="001" x="217" y="142" curvePoint="false"/>
<type value="normal"/>
</arc>
<arc id="P11 to T1" source="P11" target="T1">
<graphics/>
<inscription>
<value>Default,1</value>
<graphics/>
</inscription>
<tagged>
<value>false</value>
</tagged>
<arcpath id="000" x="516" y="128" curvePoint="false"/>
<arcpath id="001" x="552" y="177" curvePoint="false"/>
<type value="normal"/>
</arc>
<arc id="P3 to T0" source="P3" target="T0">
<graphics/>
<inscription>
<value>Default,1</value>
<graphics/>
</inscription>
<tagged>
<value>false</value>
</tagged>
<arcpath id="000" x="270" y="182" curvePoint="false"/>
<arcpath id="001" x="226" y="152" curvePoint="false"/>
<type value="normal"/>
</arc>
<arc id="P9 to T1" source="P9" target="T1">
<graphics/>
<inscription>
<value>Default,1</value>
<graphics/>
</inscription>
<tagged>
<value>false</value>
</tagged>
<arcpath id="000" x="603" y="284" curvePoint="false"/>
<arcpath id="001" x="552" y="207" curvePoint="false"/>
<type value="normal"/>
</arc>
<arc id="T0 to P1" source="T0" target="P1">
<graphics/>
<inscription>
<value>Default,1</value>
<graphics/>
</inscription>
<tagged>
<value>false</value>
</tagged>
<arcpath id="000" x="216" y="152" curvePoint="false"/>
<arcpath id="001" x="185" y="194" curvePoint="false"/>
<type value="normal"/>
</arc>
<arc id="T0 to P2" source="T0" target="P2">
<graphics/>
<inscription>
<value>Default,1</value>
<graphics/>
</inscription>
<tagged>
<value>false</value>
</tagged>
<arcpath id="000" x="227" y="142" curvePoint="false"/>
<arcpath id="001" x="268" y="123" curvePoint="false"/>
<type value="normal"/>
</arc>
<arc id="T1 to P33" source="T1" target="P33">
<graphics/>
<inscription>
<value>Default,1</value>
<graphics/>
</inscription>
<tagged>
<value>false</value>
</tagged>
<arcpath id="000" x="552" y="207" curvePoint="false"/>
<arcpath id="001" x="500" y="284" curvePoint="false"/>
<type value="normal"/>
</arc>
<arc id="T1 to P7" source="T1" target="P7">
<graphics/>
<inscription>
<value>Default,1</value>
<graphics/>
</inscription>
<tagged>
<value>false</value>
</tagged>
<arcpath id="000" x="556" y="192" curvePoint="false"/>
<arcpath id="001" x="617" y="113" curvePoint="false"/>
<type value="normal"/>
</arc>
</net>
</pnml>
