<?xml version="1.0" encoding="ISO-8859-1"?><pnml>
<net id="Net-One" type="P/T net">
<token id="Default" enabled="true" red="0" green="0" blue="0"/>
<place id="Grenouille Rouge Pose2">
<graphics>
<position x="480.0" y="180.0"/>
</graphics>
<name>
<value>Grenouille Rouge Pose2</value>
<graphics>
<offset x="0.0" y="0.0"/>
</graphics>
</name>
<initialMarking>
<value>Default,1</value>
<graphics>
<offset x="0.0" y="0.0"/>
</graphics>
</initialMarking>
<capacity>
<value>0</value>
</capacity>
</place>
<place id="Grenouille Rouge Pose3">
<graphics>
<position x="480.0" y="330.0"/>
</graphics>
<name>
<value>Grenouille Rouge Pose3</value>
<graphics>
<offset x="0.0" y="13.0"/>
</graphics>
</name>
<initialMarking>
<value>Default,0</value>
<graphics>
<offset x="0.0" y="0.0"/>
</graphics>
</initialMarking>
<capacity>
<value>0</value>
</capacity>
</place>
<place id="Grenouille Rouge Pose4">
<graphics>
<position x="465.0" y="480.0"/>
</graphics>
<name>
<value>Grenouille Rouge Pose4</value>
<graphics>
<offset x="-1.0" y="9.0"/>
</graphics>
</name>
<initialMarking>
<value>Default,0</value>
<graphics>
<offset x="0.0" y="0.0"/>
</graphics>
</initialMarking>
<capacity>
<value>0</value>
</capacity>
</place>
<place id="Grenouille Rouge Pose5">
<graphics>
<position x="480.0" y="630.0"/>
</graphics>
<name>
<value>Grenouille Rouge Pose5</value>
<graphics>
<offset x="0.0" y="0.0"/>
</graphics>
</name>
<initialMarking>
<value>Default,0</value>
<graphics>
<offset x="0.0" y="0.0"/>
</graphics>
</initialMarking>
<capacity>
<value>0</value>
</capacity>
</place>
<place id="Grenoulle Jaune  Pos1">
<graphics>
<position x="780.0" y="630.0"/>
</graphics>
<name>
<value>Grenoulle Jaune  Pos1</value>
<graphics>
<offset x="159.0" y="-7.0"/>
</graphics>
</name>
<initialMarking>
<value>Default,1</value>
<graphics>
<offset x="0.0" y="0.0"/>
</graphics>
</initialMarking>
<capacity>
<value>0</value>
</capacity>
</place>
<place id="Grenoulle Jaune  Pos2">
<graphics>
<position x="780.0" y="480.0"/>
</graphics>
<name>
<value>Grenoulle Jaune  Pos2</value>
<graphics>
<offset x="145.0" y="13.0"/>
</graphics>
</name>
<initialMarking>
<value>Default,1</value>
<graphics>
<offset x="0.0" y="0.0"/>
</graphics>
</initialMarking>
<capacity>
<value>0</value>
</capacity>
</place>
<place id="Grenoulle Jaune  Pos3">
<graphics>
<position x="765.0" y="330.0"/>
</graphics>
<name>
<value>Grenoulle Jaune  Pos3</value>
<graphics>
<offset x="144.0" y="16.0"/>
</graphics>
</name>
<initialMarking>
<value>Default,0</value>
<graphics>
<offset x="0.0" y="0.0"/>
</graphics>
</initialMarking>
<capacity>
<value>0</value>
</capacity>
</place>
<place id="Grenoulle Jaune  Pos4">
<graphics>
<position x="765.0" y="165.0"/>
</graphics>
<name>
<value>Grenoulle Jaune  Pos4</value>
<graphics>
<offset x="153.0" y="15.0"/>
</graphics>
</name>
<initialMarking>
<value>Default,0</value>
<graphics>
<offset x="0.0" y="0.0"/>
</graphics>
</initialMarking>
<capacity>
<value>0</value>
</capacity>
</place>
<place id="Grenoulle Jaune  Pos5">
<graphics>
<position x="765.0" y="45.0"/>
</graphics>
<name>
<value>Grenoulle Jaune  Pos5</value>
<graphics>
<offset x="144.0" y="12.0"/>
</graphics>
</name>
<initialMarking>
<value>Default,0</value>
<graphics>
<offset x="0.0" y="0.0"/>
</graphics>
</initialMarking>
<capacity>
<value>0</value>
</capacity>
</place>
<place id="Grenoulle Rouge Pos1">
<graphics>
<position x="480.0" y="45.0"/>
</graphics>
<name>
<value>Grenoulle Rouge Pos1</value>
<graphics>
<offset x="-1.0" y="0.0"/>
</graphics>
</name>
<initialMarking>
<value>Default,1</value>
<graphics>
<offset x="0.0" y="0.0"/>
</graphics>
</initialMarking>
<capacity>
<value>0</value>
</capacity>
</place>
<place id="Place Vide Pos1">
<graphics>
<position x="615.0" y="45.0"/>
</graphics>
<name>
<value>Place Vide Pos1</value>
<graphics>
<offset x="61.0" y="-5.0"/>
</graphics>
</name>
<initialMarking>
<value>Default,0</value>
<graphics>
<offset x="0.0" y="0.0"/>
</graphics>
</initialMarking>
<capacity>
<value>0</value>
</capacity>
</place>
<place id="Place Vide Pos2">
<graphics>
<position x="615.0" y="240.0"/>
</graphics>
<name>
<value>Place Vide Pos2</value>
<graphics>
<offset x="65.0" y="-5.0"/>
</graphics>
</name>
<initialMarking>
<value>Default,0</value>
<graphics>
<offset x="0.0" y="0.0"/>
</graphics>
</initialMarking>
<capacity>
<value>0</value>
</capacity>
</place>
<place id="Place Vide Pos3">
<graphics>
<position x="615.0" y="390.0"/>
</graphics>
<name>
<value>Place Vide Pos3</value>
<graphics>
<offset x="62.0" y="-11.0"/>
</graphics>
</name>
<initialMarking>
<value>Default,1</value>
<graphics>
<offset x="0.0" y="0.0"/>
</graphics>
</initialMarking>
<capacity>
<value>0</value>
</capacity>
</place>
<place id="Place Vide Pos4">
<graphics>
<position x="615.0" y="495.0"/>
</graphics>
<name>
<value>Place Vide Pos4</value>
<graphics>
<offset x="55.0" y="-12.0"/>
</graphics>
</name>
<initialMarking>
<value>Default,0</value>
<graphics>
<offset x="0.0" y="0.0"/>
</graphics>
</initialMarking>
<capacity>
<value>0</value>
</capacity>
</place>
<place id="Place Vide Pos5">
<graphics>
<position x="615.0" y="630.0"/>
</graphics>
<name>
<value>Place Vide Pos5</value>
<graphics>
<offset x="56.0" y="-13.0"/>
</graphics>
</name>
<initialMarking>
<value>Default,0</value>
<graphics>
<offset x="0.0" y="0.0"/>
</graphics>
</initialMarking>
<capacity>
<value>0</value>
</capacity>
</place>
<transition id="TansRG_2-4">
<graphics>
<position x="315.0" y="315.0"/>
</graphics>
<name>
<value>TansRG_2-4</value>
<graphics>
<offset x="-5.0" y="35.0"/>
</graphics>
</name>
<orientation>
<value>0</value>
</orientation>
<rate>
<value>1.0</value>
</rate>
<timed>
<value>false</value>
</timed>
<infiniteServer>
<value>false</value>
</infiniteServer>
<priority>
<value>1</value>
</priority>
</transition>
<transition id="Tran_JG_1-3">
<graphics>
<position x="945.0" y="495.0"/>
</graphics>
<name>
<value>Tran_JG_1-3</value>
<graphics>
<offset x="102.0" y="-4.0"/>
</graphics>
</name>
<orientation>
<value>0</value>
</orientation>
<rate>
<value>1.0</value>
</rate>
<timed>
<value>false</value>
</timed>
<infiniteServer>
<value>false</value>
</infiniteServer>
<priority>
<value>1</value>
</priority>
</transition>
<transition id="Tran_JG_2-3">
<graphics>
<position x="645.0" y="435.0"/>
</graphics>
<name>
<value>Tran_JG_2-3</value>
<graphics>
<offset x="101.0" y="18.0"/>
</graphics>
</name>
<orientation>
<value>0</value>
</orientation>
<rate>
<value>1.0</value>
</rate>
<timed>
<value>false</value>
</timed>
<infiniteServer>
<value>false</value>
</infiniteServer>
<priority>
<value>1</value>
</priority>
</transition>
<transition id="Tran_JG_3-4">
<graphics>
<position x="645.0" y="300.0"/>
</graphics>
<name>
<value>Tran_JG_3-4</value>
<graphics>
<offset x="89.0" y="16.0"/>
</graphics>
</name>
<orientation>
<value>0</value>
</orientation>
<rate>
<value>1.0</value>
</rate>
<timed>
<value>false</value>
</timed>
<infiniteServer>
<value>false</value>
</infiniteServer>
<priority>
<value>1</value>
</priority>
</transition>
<transition id="Tran_JG_3-5">
<graphics>
<position x="945.0" y="165.0"/>
</graphics>
<name>
<value>Tran_JG_3-5</value>
<graphics>
<offset x="107.0" y="3.0"/>
</graphics>
</name>
<orientation>
<value>0</value>
</orientation>
<rate>
<value>1.0</value>
</rate>
<timed>
<value>false</value>
</timed>
<infiniteServer>
<value>false</value>
</infiniteServer>
<priority>
<value>1</value>
</priority>
</transition>
<transition id="TranJ 4-5">
<graphics>
<position x="645.0" y="540.0"/>
</graphics>
<name>
<value>TranJ 4-5</value>
<graphics>
<offset x="71.0" y="19.0"/>
</graphics>
</name>
<orientation>
<value>0</value>
</orientation>
<rate>
<value>1.0</value>
</rate>
<timed>
<value>false</value>
</timed>
<infiniteServer>
<value>false</value>
</infiniteServer>
<priority>
<value>1</value>
</priority>
</transition>
<transition id="TranR 1-2">
<graphics>
<position x="585.0" y="135.0"/>
</graphics>
<name>
<value>TranR 1-2</value>
<graphics>
<offset x="0.0" y="21.0"/>
</graphics>
</name>
<orientation>
<value>0</value>
</orientation>
<rate>
<value>1.0</value>
</rate>
<timed>
<value>false</value>
</timed>
<infiniteServer>
<value>false</value>
</infiniteServer>
<priority>
<value>1</value>
</priority>
</transition>
<transition id="TranR2-3">
<graphics>
<position x="585.0" y="300.0"/>
</graphics>
<name>
<value>TranR2-3</value>
<graphics>
<offset x="4.0" y="17.0"/>
</graphics>
</name>
<orientation>
<value>0</value>
</orientation>
<rate>
<value>1.0</value>
</rate>
<timed>
<value>false</value>
</timed>
<infiniteServer>
<value>false</value>
</infiniteServer>
<priority>
<value>1</value>
</priority>
</transition>
<transition id="TranR3-4">
<graphics>
<position x="585.0" y="435.0"/>
</graphics>
<name>
<value>TranR3-4</value>
<graphics>
<offset x="-3.0" y="22.0"/>
</graphics>
</name>
<orientation>
<value>0</value>
</orientation>
<rate>
<value>1.0</value>
</rate>
<timed>
<value>false</value>
</timed>
<infiniteServer>
<value>false</value>
</infiniteServer>
<priority>
<value>1</value>
</priority>
</transition>
<transition id="Trans_JG_2-4">
<graphics>
<position x="945.0" y="330.0"/>
</graphics>
<name>
<value>Trans_JG_2-4</value>
<graphics>
<offset x="-5.0" y="35.0"/>
</graphics>
</name>
<orientation>
<value>0</value>
</orientation>
<rate>
<value>1.0</value>
</rate>
<timed>
<value>false</value>
</timed>
<infiniteServer>
<value>false</value>
</infiniteServer>
<priority>
<value>1</value>
</priority>
</transition>
<transition id="TransJG_4-5">
<graphics>
<position x="645.0" y="135.0"/>
</graphics>
<name>
<value>TransJG_4-5</value>
<graphics>
<offset x="81.0" y="19.0"/>
</graphics>
</name>
<orientation>
<value>0</value>
</orientation>
<rate>
<value>1.0</value>
</rate>
<timed>
<value>false</value>
</timed>
<infiniteServer>
<value>false</value>
</infiniteServer>
<priority>
<value>1</value>
</priority>
</transition>
<transition id="TransR4-5">
<graphics>
<position x="585.0" y="540.0"/>
</graphics>
<name>
<value>TransR4-5</value>
<graphics>
<offset x="-6.0" y="9.0"/>
</graphics>
</name>
<orientation>
<value>0</value>
</orientation>
<rate>
<value>1.0</value>
</rate>
<timed>
<value>false</value>
</timed>
<infiniteServer>
<value>false</value>
</infiniteServer>
<priority>
<value>1</value>
</priority>
</transition>
<transition id="TransRG_3-5">
<graphics>
<position x="315.0" y="480.0"/>
</graphics>
<name>
<value>TransRG_3-5</value>
<graphics>
<offset x="31.0" y="-12.0"/>
</graphics>
</name>
<orientation>
<value>0</value>
</orientation>
<rate>
<value>1.0</value>
</rate>
<timed>
<value>false</value>
</timed>
<infiniteServer>
<value>false</value>
</infiniteServer>
<priority>
<value>1</value>
</priority>
</transition>
<transition id="TransRG1-3">
<graphics>
<position x="315.0" y="165.0"/>
</graphics>
<name>
<value>TransRG1-3</value>
<graphics>
<offset x="32.0" y="-10.0"/>
</graphics>
</name>
<orientation>
<value>0</value>
</orientation>
<rate>
<value>1.0</value>
</rate>
<timed>
<value>false</value>
</timed>
<infiniteServer>
<value>false</value>
</infiniteServer>
<priority>
<value>1</value>
</priority>
</transition>
<arc id="Grenouille Rouge Pose2 to TranR2-3" source="Grenouille Rouge Pose2" target="TranR2-3">
<graphics/>
<inscription>
<value>Default,1</value>
<graphics/>
</inscription>
<tagged>
<value>false</value>
</tagged>
<arcpath id="000" x="501" y="203" curvePoint="false"/>
<arcpath id="001" x="592" y="307" curvePoint="false"/>
<type value="normal"/>
</arc>
<arc id="Grenouille Rouge Pose3 to Tran3-5" source="Grenouille Rouge Pose3" target="TransRG_3-5">
<graphics/>
<inscription>
<value>Default,1</value>
<graphics/>
</inscription>
<tagged>
<value>false</value>
</tagged>
<arcpath id="000" x="481" y="352" curvePoint="false"/>
<arcpath id="001" x="332" y="483" curvePoint="false"/>
<type value="normal"/>
</arc>
<arc id="Grenouille Rouge Pose3 to TranR3-4" source="Grenouille Rouge Pose3" target="TranR3-4">
<graphics/>
<inscription>
<value>Default,1</value>
<graphics/>
</inscription>
<tagged>
<value>false</value>
</tagged>
<arcpath id="000" x="502" y="352" curvePoint="false"/>
<arcpath id="001" x="592" y="442" curvePoint="false"/>
<type value="normal"/>
</arc>
<arc id="Grenouille Rouge Pose4 to TansRG_2-4" source="Grenouille Rouge Pose4" target="TansRG_2-4">
<graphics/>
<inscription>
<value>Default,1</value>
<graphics/>
</inscription>
<tagged>
<value>false</value>
</tagged>
<arcpath id="000" x="467" y="480" curvePoint="false"/>
<arcpath id="001" x="331" y="336" curvePoint="false"/>
<type value="normal"/>
</arc>
<arc id="Grenouille Rouge Pose4 to TransR4-5" source="Grenouille Rouge Pose4" target="TransR4-5">
<graphics/>
<inscription>
<value>Default,1</value>
<graphics/>
</inscription>
<tagged>
<value>false</value>
</tagged>
<arcpath id="000" x="490" y="499" curvePoint="false"/>
<arcpath id="001" x="592" y="547" curvePoint="false"/>
<type value="normal"/>
</arc>
<arc id="Grenoulle Jaune  Pos11 to Tran3-5 Jaune" source="Grenoulle Jaune  Pos1" target="Tran_JG_1-3">
<graphics/>
<inscription>
<value>Default,1</value>
<graphics/>
</inscription>
<tagged>
<value>false</value>
</tagged>
<arcpath id="000" x="803" y="632" curvePoint="false"/>
<arcpath id="001" x="951" y="516" curvePoint="false"/>
<type value="normal"/>
</arc>
<arc id="Grenoulle Jaune  Pos11 to TranJ 4-5" source="Grenoulle Jaune  Pos1" target="TranJ 4-5">
<graphics/>
<inscription>
<value>Default,1</value>
<graphics/>
</inscription>
<tagged>
<value>false</value>
</tagged>
<arcpath id="000" x="779" y="633" curvePoint="false"/>
<arcpath id="001" x="661" y="557" curvePoint="false"/>
<type value="normal"/>
</arc>
<arc id="Grenoulle Jaune  Pos22 to TranJ 3-4" source="Grenoulle Jaune  Pos2" target="Tran_JG_2-3">
<graphics/>
<inscription>
<value>Default,1</value>
<graphics/>
</inscription>
<tagged>
<value>false</value>
</tagged>
<arcpath id="000" x="777" y="487" curvePoint="false"/>
<arcpath id="001" x="661" y="452" curvePoint="false"/>
<type value="normal"/>
</arc>
<arc id="Grenoulle Jaune  Pos2 to Trans_JG_2-4" source="Grenoulle Jaune  Pos2" target="Trans_JG_2-4">
<graphics/>
<inscription>
<value>Default,1</value>
<graphics/>
</inscription>
<tagged>
<value>false</value>
</tagged>
<arcpath id="000" x="802" y="481" curvePoint="false"/>
<arcpath id="001" x="951" y="351" curvePoint="false"/>
<type value="normal"/>
</arc>
<arc id="Grenoulle Jaune  Pos3 to Tran1-3 Jaune" source="Grenoulle Jaune  Pos3" target="Tran_JG_3-5">
<graphics/>
<inscription>
<value>Default,1</value>
<graphics/>
</inscription>
<tagged>
<value>false</value>
</tagged>
<arcpath id="000" x="787" y="331" curvePoint="false"/>
<arcpath id="001" x="951" y="186" curvePoint="false"/>
<type value="normal"/>
</arc>
<arc id="Grenoulle Jaune  Pos3 to TranJ 2-3" source="Grenoulle Jaune  Pos3" target="Tran_JG_3-4">
<graphics/>
<inscription>
<value>Default,1</value>
<graphics/>
</inscription>
<tagged>
<value>false</value>
</tagged>
<arcpath id="000" x="762" y="338" curvePoint="false"/>
<arcpath id="001" x="661" y="317" curvePoint="false"/>
<type value="normal"/>
</arc>
<arc id="Grenoulle Jaune  Pos44 to TranJ 1-2" source="Grenoulle Jaune  Pos4" target="TransJG_4-5">
<graphics/>
<inscription>
<value>Default,1</value>
<graphics/>
</inscription>
<tagged>
<value>false</value>
</tagged>
<arcpath id="000" x="762" y="173" curvePoint="false"/>
<arcpath id="001" x="661" y="152" curvePoint="false"/>
<type value="normal"/>
</arc>
<arc id="Grenoulle Rouge Pos1 to TranR 1-2" source="Grenoulle Rouge Pos1" target="TranR 1-2">
<graphics/>
<inscription>
<value>Default,1</value>
<graphics/>
</inscription>
<tagged>
<value>false</value>
</tagged>
<arcpath id="000" x="503" y="67" curvePoint="false"/>
<arcpath id="001" x="592" y="142" curvePoint="false"/>
<type value="normal"/>
</arc>
<arc id="Grenoulle Rouge Pos1 to Trans1-3" source="Grenoulle Rouge Pos1" target="TransRG1-3">
<graphics/>
<inscription>
<value>Default,1</value>
<graphics/>
</inscription>
<tagged>
<value>false</value>
</tagged>
<arcpath id="000" x="480" y="66" curvePoint="false"/>
<arcpath id="001" x="332" y="168" curvePoint="false"/>
<type value="normal"/>
</arc>
<arc id="Place Vide Pos1 to Tran1-3 Jaune" source="Place Vide Pos1" target="Tran_JG_3-5">
<graphics/>
<inscription>
<value>Default,1</value>
<graphics/>
</inscription>
<tagged>
<value>false</value>
</tagged>
<arcpath id="000" x="641" y="62" curvePoint="false"/>
<arcpath id="001" x="952" y="174" curvePoint="false"/>
<type value="normal"/>
</arc>
<arc id="Place Vide Pos1 to TranJ 1-2" source="Place Vide Pos1" target="TransJG_4-5">
<graphics/>
<inscription>
<value>Default,1</value>
<graphics/>
</inscription>
<tagged>
<value>false</value>
</tagged>
<arcpath id="000" x="632" y="70" curvePoint="false"/>
<arcpath id="001" x="657" y="132" curvePoint="false"/>
<type value="normal"/>
</arc>
<arc id="Place Vide Pos2 to TansRG_2-4" source="Place Vide Pos2" target="TansRG_2-4">
<graphics/>
<inscription>
<value>Default,1</value>
<graphics/>
</inscription>
<tagged>
<value>false</value>
</tagged>
<arcpath id="000" x="612" y="255" curvePoint="false"/>
<arcpath id="001" x="332" y="324" curvePoint="false"/>
<type value="normal"/>
</arc>
<arc id="Place Vide Pos2 to TranJ 2-3" source="Place Vide Pos2" target="Tran_JG_3-4">
<graphics/>
<inscription>
<value>Default,1</value>
<graphics/>
</inscription>
<tagged>
<value>false</value>
</tagged>
<arcpath id="000" x="635" y="264" curvePoint="false"/>
<arcpath id="001" x="657" y="297" curvePoint="false"/>
<type value="normal"/>
</arc>
<arc id="Place Vide Pos2 to TranR 1-2" source="Place Vide Pos2" target="TranR 1-2">
<graphics/>
<inscription>
<value>Default,1</value>
<graphics/>
</inscription>
<tagged>
<value>false</value>
</tagged>
<arcpath id="000" x="622" y="237" curvePoint="false"/>
<arcpath id="001" x="597" y="162" curvePoint="false"/>
<type value="normal"/>
</arc>
<arc id="Place Vide Pos2 to Trans_JG_2-4" source="Place Vide Pos2" target="Trans_JG_2-4">
<graphics/>
<inscription>
<value>Default,1</value>
<graphics/>
</inscription>
<tagged>
<value>false</value>
</tagged>
<arcpath id="000" x="641" y="256" curvePoint="false"/>
<arcpath id="001" x="952" y="339" curvePoint="false"/>
<type value="normal"/>
</arc>
<arc id="Place Vide Pos3 to Tran3-5 Jaune" source="Place Vide Pos3" target="Tran_JG_1-3">
<graphics/>
<inscription>
<value>Default,1</value>
<graphics/>
</inscription>
<tagged>
<value>false</value>
</tagged>
<arcpath id="000" x="641" y="406" curvePoint="false"/>
<arcpath id="001" x="952" y="504" curvePoint="false"/>
<type value="normal"/>
</arc>
<arc id="Place Vide Pos3 to TranJ 3-4" source="Place Vide Pos3" target="Tran_JG_2-3">
<graphics/>
<inscription>
<value>Default,1</value>
<graphics/>
</inscription>
<tagged>
<value>false</value>
</tagged>
<arcpath id="000" x="637" y="412" curvePoint="false"/>
<arcpath id="001" x="657" y="432" curvePoint="false"/>
<type value="normal"/>
</arc>
<arc id="Place Vide Pos3 to TranR2-3" source="Place Vide Pos3" target="TranR2-3">
<graphics/>
<inscription>
<value>Default,1</value>
<graphics/>
</inscription>
<tagged>
<value>false</value>
</tagged>
<arcpath id="000" x="621" y="388" curvePoint="false"/>
<arcpath id="001" x="597" y="327" curvePoint="false"/>
<type value="normal"/>
</arc>
<arc id="Place Vide Pos3 to Trans1-3" source="Place Vide Pos3" target="TransRG1-3">
<graphics/>
<inscription>
<value>Default,1</value>
<graphics/>
</inscription>
<tagged>
<value>false</value>
</tagged>
<arcpath id="000" x="614" y="393" curvePoint="false"/>
<arcpath id="001" x="331" y="180" curvePoint="false"/>
<type value="normal"/>
</arc>
<arc id="Place Vide Pos4 to TranJ 4-5" source="Place Vide Pos4" target="TranJ 4-5">
<graphics/>
<inscription>
<value>Default,1</value>
<graphics/>
</inscription>
<tagged>
<value>false</value>
</tagged>
<arcpath id="000" x="637" y="517" curvePoint="false"/>
<arcpath id="001" x="657" y="537" curvePoint="false"/>
<type value="normal"/>
</arc>
<arc id="Place Vide Pos4 to TranR3-4" source="Place Vide Pos4" target="TranR3-4">
<graphics/>
<inscription>
<value>Default,1</value>
<graphics/>
</inscription>
<tagged>
<value>false</value>
</tagged>
<arcpath id="000" x="618" y="494" curvePoint="false"/>
<arcpath id="001" x="597" y="462" curvePoint="false"/>
<type value="normal"/>
</arc>
<arc id="Place Vide Pos5 to Tran3-5" source="Place Vide Pos5" target="TransRG_3-5">
<graphics/>
<inscription>
<value>Default,1</value>
<graphics/>
</inscription>
<tagged>
<value>false</value>
</tagged>
<arcpath id="000" x="613" y="635" curvePoint="false"/>
<arcpath id="001" x="331" y="495" curvePoint="false"/>
<type value="normal"/>
</arc>
<arc id="Place Vide Pos5 to TransR4-5" source="Place Vide Pos5" target="TransR4-5">
<graphics/>
<inscription>
<value>Default,1</value>
<graphics/>
</inscription>
<tagged>
<value>false</value>
</tagged>
<arcpath id="000" x="621" y="628" curvePoint="false"/>
<arcpath id="001" x="597" y="567" curvePoint="false"/>
<type value="normal"/>
</arc>
<arc id="TansRG_2-4 to Grenouille Rouge Pose2" source="TansRG_2-4" target="Grenouille Rouge Pose2">
<graphics/>
<inscription>
<value>Default,1</value>
<graphics/>
</inscription>
<tagged>
<value>false</value>
</tagged>
<arcpath id="000" x="332" y="318" curvePoint="false"/>
<arcpath id="001" x="480" y="201" curvePoint="false"/>
<type value="normal"/>
</arc>
<arc id="TansRG_2-4 to Place Vide Pos4" source="TansRG_2-4" target="Place Vide Pos4">
<graphics/>
<inscription>
<value>Default,1</value>
<graphics/>
</inscription>
<tagged>
<value>false</value>
</tagged>
<arcpath id="000" x="331" y="330" curvePoint="false"/>
<arcpath id="001" x="614" y="499" curvePoint="false"/>
<type value="normal"/>
</arc>
<arc id="Tran1-3 Jaune to Grenoulle Jaune  Pos55" source="Tran_JG_3-5" target="Grenoulle Jaune  Pos5">
<graphics/>
<inscription>
<value>Default,1</value>
<graphics/>
</inscription>
<tagged>
<value>false</value>
</tagged>
<arcpath id="000" x="952" y="168" curvePoint="false"/>
<arcpath id="001" x="789" y="65" curvePoint="false"/>
<type value="normal"/>
</arc>
<arc id="Tran1-3 Jaune to Place Vide Pos3" source="Tran_JG_3-5" target="Place Vide Pos3">
<graphics/>
<inscription>
<value>Default,1</value>
<graphics/>
</inscription>
<tagged>
<value>false</value>
</tagged>
<arcpath id="000" x="951" y="180" curvePoint="false"/>
<arcpath id="001" x="639" y="393" curvePoint="false"/>
<type value="normal"/>
</arc>
<arc id="Tran3-5 Jaune to Grenoulle Jaune  Pos3" source="Tran_JG_1-3" target="Grenoulle Jaune  Pos3">
<graphics/>
<inscription>
<value>Default,1</value>
<graphics/>
</inscription>
<tagged>
<value>false</value>
</tagged>
<arcpath id="000" x="952" y="498" curvePoint="false"/>
<arcpath id="001" x="788" y="351" curvePoint="false"/>
<type value="normal"/>
</arc>
<arc id="Tran3-5 Jaune to Place Vide Pos5" source="Tran_JG_1-3" target="Place Vide Pos5">
<graphics/>
<inscription>
<value>Default,1</value>
<graphics/>
</inscription>
<tagged>
<value>false</value>
</tagged>
<arcpath id="000" x="951" y="510" curvePoint="false"/>
<arcpath id="001" x="640" y="636" curvePoint="false"/>
<type value="normal"/>
</arc>
<arc id="Tran3-5 to Grenouille Rouge Pose5" source="TransRG_3-5" target="Grenouille Rouge Pose5">
<graphics/>
<inscription>
<value>Default,1</value>
<graphics/>
</inscription>
<tagged>
<value>false</value>
</tagged>
<arcpath id="000" x="331" y="501" curvePoint="false"/>
<arcpath id="001" x="480" y="631" curvePoint="false"/>
<type value="normal"/>
</arc>
<arc id="Tran3-5 to Place Vide Pos3" source="TransRG_3-5" target="Place Vide Pos3">
<graphics/>
<inscription>
<value>Default,1</value>
<graphics/>
</inscription>
<tagged>
<value>false</value>
</tagged>
<arcpath id="000" x="332" y="489" curvePoint="false"/>
<arcpath id="001" x="612" y="406" curvePoint="false"/>
<type value="normal"/>
</arc>
<arc id="TranJ 1-2 to Grenoulle Jaune  Pos55" source="TransJG_4-5" target="Grenoulle Jaune  Pos5">
<graphics/>
<inscription>
<value>Default,1</value>
<graphics/>
</inscription>
<tagged>
<value>false</value>
</tagged>
<arcpath id="000" x="662" y="142" curvePoint="false"/>
<arcpath id="001" x="764" y="65" curvePoint="false"/>
<type value="normal"/>
</arc>
<arc id="TranJ 1-2 to Place Vide Pos2" source="TransJG_4-5" target="Place Vide Pos2">
<graphics/>
<inscription>
<value>Default,1</value>
<graphics/>
</inscription>
<tagged>
<value>false</value>
</tagged>
<arcpath id="000" x="657" y="162" curvePoint="false"/>
<arcpath id="001" x="631" y="237" curvePoint="false"/>
<type value="normal"/>
</arc>
<arc id="TranJ 2-3 to Grenoulle Jaune  Pos44" source="Tran_JG_3-4" target="Grenoulle Jaune  Pos4">
<graphics/>
<inscription>
<value>Default,1</value>
<graphics/>
</inscription>
<tagged>
<value>false</value>
</tagged>
<arcpath id="000" x="662" y="307" curvePoint="false"/>
<arcpath id="001" x="767" y="188" curvePoint="false"/>
<type value="normal"/>
</arc>
<arc id="TranJ 2-3 to Place Vide Pos3" source="Tran_JG_3-4" target="Place Vide Pos3">
<graphics/>
<inscription>
<value>Default,1</value>
<graphics/>
</inscription>
<tagged>
<value>false</value>
</tagged>
<arcpath id="000" x="657" y="327" curvePoint="false"/>
<arcpath id="001" x="632" y="388" curvePoint="false"/>
<type value="normal"/>
</arc>
<arc id="TranJ 3-4 to Grenoulle Jaune  Pos3" source="Tran_JG_2-3" target="Grenoulle Jaune  Pos3">
<graphics/>
<inscription>
<value>Default,1</value>
<graphics/>
</inscription>
<tagged>
<value>false</value>
</tagged>
<arcpath id="000" x="662" y="442" curvePoint="false"/>
<arcpath id="001" x="765" y="351" curvePoint="false"/>
<type value="normal"/>
</arc>
<arc id="TranJ 3-4 to Place Vide Pos4" source="Tran_JG_2-3" target="Place Vide Pos4">
<graphics/>
<inscription>
<value>Default,1</value>
<graphics/>
</inscription>
<tagged>
<value>false</value>
</tagged>
<arcpath id="000" x="657" y="462" curvePoint="false"/>
<arcpath id="001" x="635" y="494" curvePoint="false"/>
<type value="normal"/>
</arc>
<arc id="TranJ 4-5 to Grenoulle Jaune  Pos22" source="TranJ 4-5" target="Grenoulle Jaune  Pos2">
<graphics/>
<inscription>
<value>Default,1</value>
<graphics/>
</inscription>
<tagged>
<value>false</value>
</tagged>
<arcpath id="000" x="662" y="547" curvePoint="false"/>
<arcpath id="001" x="778" y="497" curvePoint="false"/>
<type value="normal"/>
</arc>
<arc id="TranJ 4-5 to Place Vide Pos5" source="TranJ 4-5" target="Place Vide Pos5">
<graphics/>
<inscription>
<value>Default,1</value>
<graphics/>
</inscription>
<tagged>
<value>false</value>
</tagged>
<arcpath id="000" x="657" y="567" curvePoint="false"/>
<arcpath id="001" x="632" y="628" curvePoint="false"/>
<type value="normal"/>
</arc>
<arc id="TranR 1-2 to Grenouille Rouge Pose2" source="TranR 1-2" target="Grenouille Rouge Pose2">
<graphics/>
<inscription>
<value>Default,1</value>
<graphics/>
</inscription>
<tagged>
<value>false</value>
</tagged>
<arcpath id="000" x="591" y="152" curvePoint="false"/>
<arcpath id="001" x="505" y="186" curvePoint="false"/>
<type value="normal"/>
</arc>
<arc id="TranR 1-2 to Place Vide Pos1" source="TranR 1-2" target="Place Vide Pos1">
<graphics/>
<inscription>
<value>Default,1</value>
<graphics/>
</inscription>
<tagged>
<value>false</value>
</tagged>
<arcpath id="000" x="597" y="132" curvePoint="false"/>
<arcpath id="001" x="621" y="70" curvePoint="false"/>
<type value="normal"/>
</arc>
<arc id="TranR2-3 to Grenouille Rouge Pose3" source="TranR2-3" target="Grenouille Rouge Pose3">
<graphics/>
<inscription>
<value>Default,1</value>
<graphics/>
</inscription>
<tagged>
<value>false</value>
</tagged>
<arcpath id="000" x="591" y="317" curvePoint="false"/>
<arcpath id="001" x="506" y="338" curvePoint="false"/>
<type value="normal"/>
</arc>
<arc id="TranR2-3 to Place Vide Pos2" source="TranR2-3" target="Place Vide Pos2">
<graphics/>
<inscription>
<value>Default,1</value>
<graphics/>
</inscription>
<tagged>
<value>false</value>
</tagged>
<arcpath id="000" x="597" y="297" curvePoint="false"/>
<arcpath id="001" x="618" y="264" curvePoint="false"/>
<type value="normal"/>
</arc>
<arc id="TranR3-4 to Grenouille Rouge Pose4" source="TranR3-4" target="Grenouille Rouge Pose4">
<graphics/>
<inscription>
<value>Default,1</value>
<graphics/>
</inscription>
<tagged>
<value>false</value>
</tagged>
<arcpath id="000" x="591" y="452" curvePoint="false"/>
<arcpath id="001" x="491" y="487" curvePoint="false"/>
<type value="normal"/>
</arc>
<arc id="TranR3-4 to Place Vide Pos3" source="TranR3-4" target="Place Vide Pos3">
<graphics/>
<inscription>
<value>Default,1</value>
<graphics/>
</inscription>
<tagged>
<value>false</value>
</tagged>
<arcpath id="000" x="601" y="447" curvePoint="false"/>
<arcpath id="001" x="619" y="415" curvePoint="false"/>
<type value="normal"/>
</arc>
<arc id="Trans_JG_2-4 to Grenoulle Jaune  Pos4" source="Trans_JG_2-4" target="Grenoulle Jaune  Pos4">
<graphics/>
<inscription>
<value>Default,1</value>
<graphics/>
</inscription>
<tagged>
<value>false</value>
</tagged>
<arcpath id="000" x="952" y="333" curvePoint="false"/>
<arcpath id="001" x="788" y="186" curvePoint="false"/>
<type value="normal"/>
</arc>
<arc id="Trans_JG_2-4 to Place Vide Pos4" source="Trans_JG_2-4" target="Place Vide Pos4">
<graphics/>
<inscription>
<value>Default,1</value>
<graphics/>
</inscription>
<tagged>
<value>false</value>
</tagged>
<arcpath id="000" x="951" y="345" curvePoint="false"/>
<arcpath id="001" x="640" y="500" curvePoint="false"/>
<type value="normal"/>
</arc>
<arc id="Trans1-3 to Grenouille Rouge Pose3" source="TransRG1-3" target="Grenouille Rouge Pose3">
<graphics/>
<inscription>
<value>Default,1</value>
<graphics/>
</inscription>
<tagged>
<value>false</value>
</tagged>
<arcpath id="000" x="331" y="186" curvePoint="false"/>
<arcpath id="001" x="481" y="331" curvePoint="false"/>
<type value="normal"/>
</arc>
<arc id="Trans1-3 to Place Vide Pos1" source="TransRG1-3" target="Place Vide Pos1">
<graphics/>
<inscription>
<value>Default,1</value>
<graphics/>
</inscription>
<tagged>
<value>false</value>
</tagged>
<arcpath id="000" x="332" y="174" curvePoint="false"/>
<arcpath id="001" x="613" y="62" curvePoint="false"/>
<type value="normal"/>
</arc>
<arc id="TransR4-5 to Grenouille Rouge Pose5" source="TransR4-5" target="Grenouille Rouge Pose5">
<graphics/>
<inscription>
<value>Default,1</value>
<graphics/>
</inscription>
<tagged>
<value>false</value>
</tagged>
<arcpath id="000" x="591" y="557" curvePoint="false"/>
<arcpath id="001" x="503" y="632" curvePoint="false"/>
<type value="normal"/>
</arc>
<arc id="TransR4-5 to Place Vide Pos4" source="TransR4-5" target="Place Vide Pos4">
<graphics/>
<inscription>
<value>Default,1</value>
<graphics/>
</inscription>
<tagged>
<value>false</value>
</tagged>
<arcpath id="000" x="601" y="552" curvePoint="false"/>
<arcpath id="001" x="619" y="520" curvePoint="false"/>
<type value="normal"/>
</arc>
</net>
</pnml>
